{
  "name": "beneosbattlemaps",
  "title": "Beneos Battlemaps",
  "description": "Compendium pack with high quality animated battlemaps and sceneries",
  "author": "Beneos | Ben#0159",
  "version": "2.0.1",
  "minimumCoreVersion": "0.8.9",
  "compatibleCoreVersion": "9",
  "dependencies": [
    {
      "name": "multilevel-tokens",
	  "manifest": "https://raw.githubusercontent.com/grandseiken/foundryvtt-multilevel-tokens/v1.5.2/module.json",
      "type": "module"
    },
	{
      "name": "scene-packer",
	  "manifest": "https://raw.githubusercontent.com/League-of-Foundry-Developers/scene-packer/master/module.json",
	  "type": "module"
	},
	{
      "name": "poi-teleport",
	  "manifest": "https://github.com/zeel01/poi-teleport/releases/download/v0.1.7/module.json",
	  "type": "module"
	},
	{
      "name": "LockView",
	  "manifest": "https://raw.githubusercontent.com/CDeenen/LockView/master/module.json",
	  "type": "module"
	}],
  "esmodules": [
    "/scripts/init.js"
  ],
  "packs": [
    {
      "name": "beneosbattlemaps4K",
      "label": "Beneos Battlemaps 4K",
      "path": "packs/beneosbattlemaps4K.db",
      "entity": "Scene",
      "module": "beneosbattlemaps"
    },
    {
      "name": "beneosbattlemapsScenery4K",
      "label": "Beneos Battlemaps Scenery 4K",
      "path": "packs/beneosbattlemapsScenery4K.db",
      "entity": "Scene",
      "module": "beneosbattlemaps"
    },
    {
      "name": "beneosbattlemapsHD",
      "label": "Beneos Battlemaps HD",
      "path": "packs/beneosbattlemapsHD.db",
      "entity": "Scene",
      "module": "beneosbattlemaps"
    },
    {
      "name": "beneos-battlemaps-npcs",
      "label": "Beneos Battlemaps NPCs",
      "path": "packs/beneos-battlemaps-npcs.db",
      "entity": "Actor",
      "module": "beneosbattlemaps"
    },
    {
      "name": "beneosbattlemaps_journal",
      "label": "Beneos Battlemaps Journals",
      "path": "packs/beneosbattlemaps_journal.db",
      "entity": "JournalEntry",
      "module": "beneosbattlemaps"
    },
    {
      "name": "beneosbattlemaps_macros",
      "label": "Beneos Battlemaps Macros",
      "path": "packs/beneosbattlemaps_macros.db",
      "entity": "Macro",
      "module": "beneosbattlemaps"
    },
    {
      "name": "beneosbattlemapsSceneryHD",
      "label": "Beneos Battlemaps Scenery HD",
      "path": "packs/beneosbattlemapsSceneryHD.db",
      "entity": "Scene",
      "module": "beneosbattlemaps"
    },
	"url": "https://github.com/BeneosBattlemaps/beneosbattlemaps",
	"manifest": "https://github.com/BeneosBattlemaps/beneosbattlemaps/releases/latest/download/module.json",
	"download": "https://github.com/BeneosBattlemaps/beneosbattlemaps/releases/latest/download/module.zip"
  ]
}